{
  "metadata": {
    "created": "2025-12-13T01:09:11.026Z",
    "source": "ai_feature_scores.json",
    "num_responses": 50,
    "num_features": 85,
    "min_avg": 2.1538461538461537,
    "max_avg": 5
  },
  "weights": {
    "hooves": {
      "avg": 5,
      "normalized": 1,
      "n": 12
    },
    "swims": {
      "avg": 5,
      "normalized": 1,
      "n": 10
    },
    "water": {
      "avg": 5,
      "normalized": 1,
      "n": 10
    },
    "hands": {
      "avg": 5,
      "normalized": 1,
      "n": 3
    },
    "flys": {
      "avg": 5,
      "normalized": 1,
      "n": 1
    },
    "quadrapedal": {
      "avg": 4.930232558139535,
      "normalized": 0.9754871150219987,
      "n": 43
    },
    "ocean": {
      "avg": 4.75,
      "normalized": 0.9121621621621622,
      "n": 8
    },
    "flippers": {
      "avg": 4.714285714285714,
      "normalized": 0.8996138996138997,
      "n": 7
    },
    "tunnels": {
      "avg": 4.6,
      "normalized": 0.8594594594594593,
      "n": 5
    },
    "paws": {
      "avg": 4.592592592592593,
      "normalized": 0.8568568568568569,
      "n": 27
    },
    "ground": {
      "avg": 4.560975609756097,
      "normalized": 0.8457481872116017,
      "n": 41
    },
    "forest": {
      "avg": 4.545454545454546,
      "normalized": 0.8402948402948405,
      "n": 22
    },
    "active": {
      "avg": 4.513513513513513,
      "normalized": 0.8290723155588019,
      "n": 37
    },
    "furry": {
      "avg": 4.512820512820513,
      "normalized": 0.8288288288288288,
      "n": 39
    },
    "horns": {
      "avg": 4.5,
      "normalized": 0.8243243243243243,
      "n": 8
    },
    "skimmer": {
      "avg": 4.5,
      "normalized": 0.8243243243243243,
      "n": 2
    },
    "stripes": {
      "avg": 4.5,
      "normalized": 0.8243243243243243,
      "n": 4
    },
    "insects": {
      "avg": 4.5,
      "normalized": 0.8243243243243243,
      "n": 4
    },
    "strong": {
      "avg": 4.4411764705882355,
      "normalized": 0.8036565977742449,
      "n": 34
    },
    "hunter": {
      "avg": 4.411764705882353,
      "normalized": 0.7933227344992052,
      "n": 17
    },
    "claws": {
      "avg": 4.409090909090909,
      "normalized": 0.7923832923832924,
      "n": 22
    },
    "stalker": {
      "avg": 4.4,
      "normalized": 0.7891891891891893,
      "n": 10
    },
    "agility": {
      "avg": 4.393939393939394,
      "normalized": 0.787059787059787,
      "n": 33
    },
    "big": {
      "avg": 4.354838709677419,
      "normalized": 0.7733217088055797,
      "n": 31
    },
    "smart": {
      "avg": 4.352941176470588,
      "normalized": 0.7726550079491254,
      "n": 34
    },
    "nocturnal": {
      "avg": 4.333333333333333,
      "normalized": 0.7657657657657657,
      "n": 15
    },
    "tree": {
      "avg": 4.333333333333333,
      "normalized": 0.7657657657657657,
      "n": 9
    },
    "vegetation": {
      "avg": 4.3076923076923075,
      "normalized": 0.7567567567567567,
      "n": 26
    },
    "longleg": {
      "avg": 4.285714285714286,
      "normalized": 0.749034749034749,
      "n": 14
    },
    "fields": {
      "avg": 4.2631578947368425,
      "normalized": 0.7411095305832149,
      "n": 19
    },
    "orange": {
      "avg": 4.25,
      "normalized": 0.7364864864864865,
      "n": 4
    },
    "grazer": {
      "avg": 4.235294117647059,
      "normalized": 0.7313195548489666,
      "n": 17
    },
    "muscle": {
      "avg": 4.206896551724138,
      "normalized": 0.7213420316868593,
      "n": 29
    },
    "longneck": {
      "avg": 4.2,
      "normalized": 0.718918918918919,
      "n": 5
    },
    "small": {
      "avg": 4.142857142857143,
      "normalized": 0.698841698841699,
      "n": 21
    },
    "group": {
      "avg": 4.133333333333334,
      "normalized": 0.6954954954954956,
      "n": 30
    },
    "lean": {
      "avg": 4.12,
      "normalized": 0.6908108108108109,
      "n": 25
    },
    "bush": {
      "avg": 4.090909090909091,
      "normalized": 0.6805896805896806,
      "n": 11
    },
    "pads": {
      "avg": 4.066666666666666,
      "normalized": 0.672072072072072,
      "n": 15
    },
    "meat": {
      "avg": 4.05,
      "normalized": 0.6662162162162162,
      "n": 20
    },
    "forager": {
      "avg": 4.038461538461538,
      "normalized": 0.6621621621621622,
      "n": 26
    },
    "chewteeth": {
      "avg": 4,
      "normalized": 0.6486486486486487,
      "n": 39
    },
    "meatteeth": {
      "avg": 4,
      "normalized": 0.6486486486486487,
      "n": 23
    },
    "coastal": {
      "avg": 4,
      "normalized": 0.6486486486486487,
      "n": 8
    },
    "red": {
      "avg": 4,
      "normalized": 0.6486486486486487,
      "n": 1
    },
    "hops": {
      "avg": 4,
      "normalized": 0.6486486486486487,
      "n": 3
    },
    "scavenger": {
      "avg": 4,
      "normalized": 0.6486486486486487,
      "n": 6
    },
    "tail": {
      "avg": 3.9743589743589745,
      "normalized": 0.6396396396396397,
      "n": 39
    },
    "nestspot": {
      "avg": 3.9,
      "normalized": 0.6135135135135135,
      "n": 20
    },
    "domestic": {
      "avg": 3.888888888888889,
      "normalized": 0.6096096096096096,
      "n": 18
    },
    "brown": {
      "avg": 3.878787878787879,
      "normalized": 0.6060606060606061,
      "n": 33
    },
    "walks": {
      "avg": 3.85,
      "normalized": 0.595945945945946,
      "n": 40
    },
    "jungle": {
      "avg": 3.8181818181818183,
      "normalized": 0.5847665847665848,
      "n": 11
    },
    "fierce": {
      "avg": 3.8095238095238093,
      "normalized": 0.5817245817245816,
      "n": 21
    },
    "fast": {
      "avg": 3.761904761904762,
      "normalized": 0.564993564993565,
      "n": 42
    },
    "plains": {
      "avg": 3.75,
      "normalized": 0.5608108108108109,
      "n": 20
    },
    "yellow": {
      "avg": 3.75,
      "normalized": 0.5608108108108109,
      "n": 4
    },
    "slow": {
      "avg": 3.7,
      "normalized": 0.5432432432432434,
      "n": 20
    },
    "solitary": {
      "avg": 3.6785714285714284,
      "normalized": 0.5357142857142857,
      "n": 28
    },
    "arctic": {
      "avg": 3.6666666666666665,
      "normalized": 0.5315315315315315,
      "n": 9
    },
    "tusks": {
      "avg": 3.6666666666666665,
      "normalized": 0.5315315315315315,
      "n": 3
    },
    "mountains": {
      "avg": 3.5833333333333335,
      "normalized": 0.5022522522522523,
      "n": 12
    },
    "white": {
      "avg": 3.5652173913043477,
      "normalized": 0.4958871915393654,
      "n": 23
    },
    "cave": {
      "avg": 3.5,
      "normalized": 0.47297297297297297,
      "n": 4
    },
    "black": {
      "avg": 3.4838709677419355,
      "normalized": 0.4673060156931125,
      "n": 31
    },
    "hairless": {
      "avg": 3.4615384615384617,
      "normalized": 0.45945945945945954,
      "n": 13
    },
    "toughskin": {
      "avg": 3.4347826086956523,
      "normalized": 0.45005875440658055,
      "n": 23
    },
    "bulbous": {
      "avg": 3.423076923076923,
      "normalized": 0.4459459459459459,
      "n": 26
    },
    "buckteeth": {
      "avg": 3.4166666666666665,
      "normalized": 0.44369369369369366,
      "n": 12
    },
    "oldworld": {
      "avg": 3.3863636363636362,
      "normalized": 0.43304668304668303,
      "n": 44
    },
    "gray": {
      "avg": 3.3461538461538463,
      "normalized": 0.41891891891891897,
      "n": 26
    },
    "plankton": {
      "avg": 3.3333333333333335,
      "normalized": 0.4144144144144145,
      "n": 3
    },
    "weak": {
      "avg": 3.3,
      "normalized": 0.40270270270270264,
      "n": 10
    },
    "fish": {
      "avg": 3.2941176470588234,
      "normalized": 0.4006359300476947,
      "n": 17
    },
    "timid": {
      "avg": 3.1515151515151514,
      "normalized": 0.3505323505323505,
      "n": 33
    },
    "desert": {
      "avg": 3,
      "normalized": 0.2972972972972973,
      "n": 1
    },